file,frame,point_index,x,y,z,doppler,snr,noise,track_id
replay_15.json,0,0,0.761888021,0.174439417,1.262310902,-0.069720002,7.519999832,0,255
replay_15.json,0,1,0.677887506,0.160600176,1.266300966,-0.069720002,8.879999802,0,255
replay_15.json,0,2,-0.865452749,5.782995867,-1.994445813,-0.069720002,7.359999835,0,255
replay_15.json,0,3,-0.87315218,5.834443829,-2.029982082,-0.069720002,7.359999835,0,255
replay_15.json,2,0,0.739136456,0.114958081,1.318751075,0.069720002,6.879999846,0,255
replay_15.json,3,0,-0.019639819,0.23024745,2.10300192,-3.827040102,6.639999852,0,255
replay_15.json,4,0,-1.144555056,5.898859931,-1.747144546,2.087400056,5.879999869,0,255
replay_15.json,4,1,-0.939894169,5.825687414,-2.027635808,0.069720002,10.87999976,0,255
replay_15.json,4,2,-0.948215018,5.877262014,-2.063292322,0.069720002,5.999999866,0,255
replay_15.json,4,3,3.996227493,5.722308216,1.264342303,0.069720002,12.23999973,0,255
replay_15.json,4,4,4.031203003,5.580160188,1.008413286,-0.069720002,26.9999994,0,255
replay_15.json,4,5,4.052932263,5.476253757,0.960477307,0.069720002,9.359999791,0,255
replay_15.json,5,0,4.331894284,5.480905359,1.329026004,0.069720002,5.239999883,0,255
replay_15.json,6,0,-0.600039742,5.811310783,-2.002032772,3.409560091,5.119999886,0,255
replay_15.json,6,1,-0.47110081,5.873408978,-2.040422762,0.069720002,7.519999832,0,255
replay_15.json,6,2,-0.000963724,0.032541142,1.749103305,1.322160035,5.759999871,0,255
replay_15.json,6,3,3.938390633,5.567726668,1.007164895,0.069720002,7.999999821,0,255
replay_15.json,6,4,3.974535764,5.618825259,0.998053012,0.069720002,21.11999953,0,255
replay_15.json,6,5,4.165935419,5.604038689,1.296032527,0.069720002,12.87999971,0,255
replay_15.json,7,0,-1.383830737,6.114454451,-1.556701316,0.069720002,5.519999877,0,255
replay_15.json,7,1,-1.00654217,5.816286771,-2.025116913,-0.069720002,8.999999799,0,255
replay_15.json,7,2,0.002523762,0.248348515,1.951774988,0.278320007,5.999999866,0,255
replay_15.json,7,3,3.917471074,5.656941042,0.987839918,0.069720002,22.2399995,0,255
replay_15.json,7,4,3.938851363,5.760632022,1.25407347,0.069720002,12.63999972,0,255
replay_15.json,7,5,4.002547358,5.468989105,0.748602624,0.069720002,7.239999838,0,255
replay_15.json,8,0,0.694844914,0.182232627,1.380617928,-0.069720002,6.119999863,0,255
replay_15.json,8,1,0.707836218,0.067168186,1.372219259,-0.069720002,6.759999849,0,255
replay_15.json,8,2,0.716397426,0.177538283,1.218755762,-0.069720002,15.99999964,0,255
replay_15.json,8,3,-0.931606209,5.774316667,-1.992120228,-0.069720002,9.119999796,0,255
replay_15.json,8,4,-0.87315218,5.834443829,-2.029982082,-0.069720002,8.51999981,0,255
replay_15.json,9,0,0.766319455,0.173256894,1.176725644,0.069720002,4.999999888,0,255
replay_15.json,9,1,-0.944039247,5.929123608,-1.755253674,-0.069720002,6.879999846,0,255
replay_15.json,9,2,-0.87315218,5.834443829,-2.029982082,-0.069720002,6.519999854,0,255
replay_15.json,10,0,0.677887506,0.160600176,1.266300966,-0.069720002,13.3599997,0,255
replay_15.json,12,0,-0.869169768,5.884882792,-1.724048359,0.069720002,6.119999863,0,255
replay_15.json,12,1,-0.809878884,5.94606572,-1.759793299,-0.069720002,17.11999962,0,255
replay_15.json,12,2,-0.817083907,5.99896442,-1.793242001,0.069720002,15.87999965,0,255
replay_15.json,12,3,-0.755914362,6.059705032,-1.828868422,0.069720002,5.519999877,0,255
replay_15.json,12,4,-0.011137786,0.10255494,1.768986061,-0.556640015,5.35999988,0,255
replay_15.json,13,0,-1.010981175,5.919681506,-1.75272367,0.069720002,8.239999816,0,255
replay_15.json,13,1,-1.019975288,5.97234548,-1.786109477,-0.069720002,8.119999819,0,255
replay_15.json,14,0,-0.87315218,5.834443829,-2.029982082,-0.069720002,8.359999813,0,255
replay_15.json,14,1,-0.799212744,5.791035651,-1.996600067,0.069720002,7.879999824,0,255
replay_15.json,14,2,-0.014298484,0.235559481,2.091193698,-2.574600069,5.519999877,0,255
replay_15.json,15,0,0.635509068,0.150560184,1.312168487,-0.069720002,9.359999791,0,255
replay_15.json,15,1,0.670851931,0.173628432,1.262810055,-0.069720002,28.63999936,0,255
replay_15.json,16,0,0.674403438,0.167131294,1.264550958,-0.069720002,33.75999925,0,255
replay_15.json,16,1,0.716397426,0.177538283,1.218755762,-0.069720002,30.23999932,0,255
replay_15.json,16,2,0.703291841,0.107207025,1.280607618,-0.069720002,30.23999932,0,255
replay_15.json,16,3,0.747084662,0.11388263,1.235812243,-0.069720002,27.75999938,0,255
replay_15.json,16,4,0.719400655,0.065968191,1.29165753,-0.069720002,26.35999941,0,255
replay_15.json,16,5,4.031203003,5.580160188,1.008413286,0.069720002,10.35999977,0,255
replay_15.json,16,6,4.088336359,5.687645987,1.561791504,0.069720002,7.239999838,0,255
replay_15.json,16,7,4.050294977,5.49055932,1.027841823,0.069720002,4.999999888,0,255
replay_15.json,17,0,-1.019975288,5.97234548,-1.786109477,-0.069720002,7.359999835,0,255
replay_15.json,17,1,-0.931606209,5.774316667,-1.992120228,-0.069720002,6.759999849,0,255
replay_15.json,17,2,-0.003414644,0.116572002,1.775482039,1.391600037,5.239999883,0,255
replay_15.json,18,0,0.717227453,0.164214078,1.30555297,0.069720002,26.51999941,0,255
replay_15.json,18,1,0.758255751,0.181781208,1.260343674,0.069720002,22.11999951,0,255
replay_15.json,18,2,0.739136456,0.114958081,1.318751075,0.069720002,27.23999939,0,255
replay_15.json,18,3,0.752574801,0.078928515,1.328405168,0.069720002,26.6399994,0,255
replay_15.json,18,4,0.638711778,0.144406119,1.313817464,0.069720002,9.239999793,0,255
replay_15.json,18,5,0.684651936,0.147438617,1.269827595,0.069720002,24.87999944,0,255
replay_15.json,18,6,0.708945731,0.093565403,1.284262879,0.069720002,22.5199995,0,255
replay_15.json,18,7,-0.939894169,5.825687414,-2.027635808,0.069720002,5.999999866,0,255
replay_15.json,18,8,3.918304155,5.803661999,1.530705107,-0.069720002,6.639999852,0,255
replay_15.json,18,9,4.031203003,5.580160188,1.008413286,-0.069720002,7.879999824,0,255
replay_15.json,19,0,0.863248755,0.153041933,1.27444926,-0.069720002,4.999999888,0,255
replay_15.json,19,1,0.761888021,0.174439417,1.262310902,-0.069720002,14.63999967,0,255
replay_15.json,19,2,0.662008557,0.094123325,1.327290698,-0.069720002,6.359999858,0,255
replay_15.json,20,0,0.713808101,0.171125506,1.303701058,-0.069720002,8.999999799,0,255
replay_15.json,20,1,0.761888021,0.174439417,1.262310902,-0.069720002,6.759999849,0,255
replay_15.json,20,2,3.846104198,5.746143268,1.250767303,-0.069720002,6.239999861,0,255
replay_15.json,20,3,3.860835503,5.84123267,1.520638076,-0.069720002,7.119999841,0,255
replay_15.json,21,0,0.669184071,0.160427519,1.347230496,0.069720002,17.11999962,0,255
replay_15.json,21,1,0.713808101,0.171125506,1.303701058,1.183000032,42.23999906,0,255
replay_15.json,21,2,0.758255751,0.181781208,1.260343674,1.183000032,34.51999923,0,255
replay_15.json,21,3,0.692929013,0.107771426,1.361339653,0.069720002,18.35999959,0,255
replay_15.json,21,4,0.785161262,0.122116331,1.27633083,1.183000032,34.35999923,0,255
replay_15.json,21,5,0.799436389,0.083843263,1.286586068,1.183000032,32.63999927,0,255
replay_15.json,21,6,0.641850617,0.138221426,1.315474647,0.069720002,19.51999956,0,255
replay_15.json,21,7,0.681303786,0.154035731,1.268059904,1.183000032,43.75999902,0,255
replay_15.json,21,8,0.72728408,0.156619376,1.224360967,1.183000032,29.87999933,0,255
replay_15.json,21,9,0.706154093,0.100399868,1.28243159,-2.296280061,39.51999912,0,255
replay_15.json,21,10,0.721835173,0.059007499,1.293522642,-2.296280061,34.51999923,0,255
replay_15.json,21,11,-0.726487424,0.045017311,1.297271302,-2.296280061,29.35999934,0,255
replay_15.json,21,12,-0.857722764,5.731343747,-1.958768528,-0.069720002,6.359999858,0,255
replay_15.json,21,13,-0.865452749,5.782995867,-1.994445813,-0.069720002,19.87999956,0,255
replay_15.json,21,14,-0.87315218,5.834443829,-2.029982082,-0.069720002,16.87999962,0,255
replay_15.json,21,15,-0.880882165,5.886095949,-2.065659367,-0.069720002,5.999999866,0,255
replay_15.json,21,16,0.175423504,6.000921768,1.809710221,-0.069720002,5.35999988,0,255
replay_15.json,21,17,0.297901856,6.046916487,1.566497931,-0.069720002,5.239999883,0,255
replay_15.json,21,18,0.090297576,0.120003356,2.203603901,-0.556640015,4.999999888,0,255
replay_15.json,22,0,0.703122758,0.179765204,1.389299423,-0.069720002,19.35999957,0,255
replay_15.json,22,1,0.71950039,0.127557358,1.395268122,-0.069720002,22.2399995,0,255
replay_15.json,22,2,0.732581729,0.092484962,1.404665742,-0.069720002,24.99999944,0,255
replay_15.json,22,3,-0.737303242,0.07828649,1.408470211,-0.069720002,27.23999939,0,255
replay_15.json,22,4,0.717227453,0.164214078,1.30555297,-0.069720002,47.63999894,0,255
replay_15.json,22,5,-0.727567193,0.106589387,1.400886473,-0.069720002,28.51999936,0,255
replay_15.json,22,6,0.739136456,0.114958081,1.318751075,-0.069720002,51.99999884,0,255
replay_15.json,22,7,0.713408595,0.07082887,1.378965553,-0.069720002,28.23999937,0,255
replay_15.json,22,8,0.752574801,0.078928515,1.328405168,-0.069720002,52.99999882,0,255
replay_15.json,22,9,-0.711081453,0.077708685,1.377122112,-0.069720002,26.7599994,0,255
replay_15.json,22,10,-0.755037737,0.071647245,1.330356178,-0.069720002,49.99999888,0,255
replay_15.json,22,11,0.723727447,0.163627282,1.222483204,-0.069720002,34.99999922,0,255
replay_15.json,22,12,-0.744735474,0.100624502,1.322591746,-0.069720002,44.23999901,0,255
replay_15.json,22,13,0.750125141,0.106651601,1.237749791,-0.069720002,30.87999931,0,255
replay_15.json,22,14,0.724197508,0.052023639,1.295393962,-0.069720002,37.51999916,0,255
replay_15.json,22,15,0.766782656,0.062681798,1.249531465,-0.069720002,26.51999941,0,255
replay_15.json,22,16,-0.724197508,0.052023639,1.295393962,-0.069720002,31.1199993,0,255
replay_15.json,22,17,-0.92328536,5.722742067,-1.956463714,-0.069720002,7.879999824,0,255
replay_15.json,22,18,-0.944039247,5.929123608,-1.755253674,-0.069720002,22.99999949,0,255
replay_15.json,22,19,-0.960869714,6.034828876,-1.822202876,-0.069720002,6.879999846,0,255
replay_15.json,22,20,-0.884805102,5.990744859,-1.791039576,-0.069720002,19.23999957,0,255
replay_15.json,23,0,0.672389661,0.153948162,1.348966634,-0.069720002,20.87999953,0,255
replay_15.json,23,1,0.692929013,0.107771426,1.361339653,-0.069720002,20.51999954,0,255
replay_15.json,23,2,0.681303786,0.154035731,1.268059904,-1.87880005,33.23999926,0,255
replay_15.json,23,3,0.706154093,0.100399868,1.28243159,-0.069720002,28.35999937,0,255
replay_15.json,23,4,0.721835173,0.059007499,1.293522642,-0.069720002,23.87999947,0,255
replay_15.json,23,5,-0.952437817,5.981871583,-1.788661989,-0.069720002,8.359999813,0,255
replay_15.json,23,6,-0.865452749,5.782995867,-1.994445813,-0.069720002,8.359999813,0,255
replay_15.json,23,7,-0.000963724,0.032541142,1.749103305,4.244520113,5.119999886,0,255
replay_15.json,24,0,0.787332178,0.206488683,1.298175138,-0.069720002,35.51999921,0,255
replay_15.json,24,1,0.833667382,0.218640727,1.256872116,-0.069720002,12.75999971,0,255
replay_15.json,24,2,0.859849514,0.161363928,1.272219388,-0.069720002,13.11999971,0,255
replay_15.json,24,3,0.672389661,0.153948162,1.348966634,-0.069720002,15.87999965,0,255
replay_15.json,24,4,0.717227453,0.164214078,1.30555297,-0.069720002,45.35999899,0,255
replay_15.json,24,5,0.771469992,0.171926876,1.271739831,-0.069720002,39.63999911,0,255
replay_15.json,24,6,0.816871691,0.182044927,1.228881068,-0.069720002,12.63999972,0,255
replay_15.json,24,7,0.692929013,0.107771426,1.361339653,-0.069720002,15.63999965,0,255
replay_15.json,24,8,0.739136456,0.114958081,1.318751075,-0.069720002,41.75999907,0,255
replay_15.json,24,9,0.785161262,0.122116331,1.27633083,-0.069720002,34.75999922,0,255
replay_15.json,24,10,0.752574801,0.078928515,1.328405168,-0.069720002,35.9999992,0,255
replay_15.json,24,11,0.802052689,0.0761086,1.288658564,-0.069720002,29.11999935,0,255
replay_15.json,24,12,-0.755037737,0.071647245,1.330356178,-0.069720002,29.99999933,0,255
replay_15.json,24,13,-0.802052689,0.0761086,1.288658564,-0.069720002,23.87999947,0,255
replay_15.json,24,14,-0.744735474,0.100624502,1.322591746,0.069720002,24.63999945,0,255
replay_15.json,24,15,-0.791108921,0.106890223,1.280410654,-0.069720002,19.35999957,0,255
replay_15.json,24,16,-0.721777428,1.567146556,2.620331836,-0.069720002,7.639999829,0,255
replay_15.json,24,17,-0.611093752,1.479483944,2.755961008,-1.11328003,5.35999988,0,255
replay_15.json,24,18,-1.001951371,5.866808547,-1.71920538,-0.069720002,5.759999871,0,255
replay_15.json,24,19,-0.877002915,5.937918639,-1.757610296,-0.069720002,17.7599996,0,255
replay_15.json,24,20,-0.892638249,6.043780706,-1.824601512,-0.069720002,6.239999861,0,255
replay_15.json,24,21,-0.817083907,5.99896442,-1.793242001,-0.069720002,15.63999965,0,255
replay_15.json,25,0,0.669184071,0.160427519,1.347230496,-0.069720002,11.11999975,0,255
replay_15.json,25,1,0.713808101,0.171125506,1.303701058,-0.069720002,27.87999938,0,255
replay_15.json,25,2,0.739136456,0.114958081,1.318751075,-0.069720002,27.51999938,0,255
replay_15.json,25,3,3.974535764,5.618825259,0.998053012,0.069720002,10.35999977,0,255
replay_15.json,25,4,4.053204004,5.683432124,1.27475912,-0.069720002,11.63999974,0,255
replay_15.json,25,5,4.05841153,5.430057339,0.759034359,0.069720002,5.239999883,0,255
replay_15.json,26,0,0.717227453,0.164214078,1.30555297,-0.069720002,17.9999996,0,255
replay_15.json,26,1,0.761888021,0.174439417,1.262310902,0.069720002,15.23999966,0,255
replay_15.json,26,2,0.739136456,0.114958081,1.318751075,-0.069720002,18.75999958,0,255
replay_15.json,26,3,0.785161262,0.122116331,1.27633083,0.069720002,14.99999966,0,255
replay_15.json,26,4,0.752574801,0.078928515,1.328405168,-0.069720002,18.87999958,0,255
replay_15.json,26,5,-0.707836218,0.067168186,1.372219259,-0.069720002,6.999999844,0,255
replay_15.json,26,6,4.031203003,5.580160188,1.008413286,0.069720002,8.239999816,0,255
replay_15.json,26,7,4.165935419,5.604038689,1.296032527,0.069720002,9.119999796,0,255
replay_15.json,27,0,0.758255751,0.181781208,1.260343674,-4.313960115,38.51999914,0,255
replay_15.json,27,1,0.806725813,0.184705333,1.218897238,0.069720002,12.63999972,0,255
replay_15.json,27,2,0.831368705,0.129302986,1.233742251,0.069720002,12.75999971,0,255
replay_15.json,27,3,0.674403438,0.167131294,1.264550958,-0.069720002,49.51999889,0,255
replay_15.json,27,4,0.723727447,0.163627282,1.222483204,0.069720002,41.75999907,0,255
replay_15.json,27,5,0.703291841,0.107207025,1.280607618,0.069720002,49.3599989,0,255
replay_15.json,27,6,0.750125141,0.106651601,1.237749791,0.069720002,38.23999915,0,255
replay_15.json,27,7,0.719400655,0.065968191,1.29165753,0.069720002,46.11999897,0,255
replay_15.json,27,8,0.766782656,0.062681798,1.249531465,0.069720002,33.75999925,0,255
replay_15.json,27,9,0.615848904,0.109735339,1.287019903,0.069720002,14.51999968,0,255
replay_15.json,27,10,0.662982581,0.104303287,1.242891632,0.069720002,34.99999922,0,255
replay_15.json,27,11,0.682111211,0.058810582,1.255081366,0.069720002,29.51999934,0,255
replay_15.json,27,12,-0.806322877,5.842555138,-2.0321555,0.069720002,19.11999957,0,255
replay_15.json,27,13,-0.824317521,6.052073035,-1.826823435,0.069720002,7.639999829,0,255
replay_15.json,27,14,-0.666499605,5.805193817,-2.000393736,-0.069720002,14.99999966,0,255
replay_15.json,27,15,0.024598715,0.067409996,1.757389609,-1.183000032,5.35999988,0,255
replay_15.json,27,16,3.743949562,5.767954826,0.958093864,0.069720002,6.999999844,0,255
replay_15.json,28,0,0.806725813,0.184705333,1.218897238,0.069720002,6.239999861,0,255
replay_15.json,28,1,-0.809878884,5.94606572,-1.759793299,-0.069720002,11.51999974,0,255
replay_15.json,28,2,-0.817083907,5.99896442,-1.793242001,-0.069720002,11.35999975,0,255
replay_15.json,28,3,-0.019639819,0.23024745,2.10300192,2.017960054,5.35999988,0,255
replay_15.json,29,0,0.787332178,0.206488683,1.298175138,-0.069720002,7.519999832,0,255
replay_15.json,29,1,0.815269419,0.144535868,1.314775344,-0.069720002,7.879999824,0,255
replay_15.json,29,2,0.830091948,0.104795163,1.325423834,-0.069720002,7.999999821,0,255
replay_15.json,29,3,0.717227453,0.164214078,1.30555297,-0.069720002,12.87999971,0,255
replay_15.json,29,4,-0.835441918,0.088706806,1.329734697,-0.069720002,8.119999819,0,255
replay_15.json,29,5,0.692929013,0.107771426,1.361339653,-0.069720002,6.239999861,0,255
replay_15.json,29,6,0.739136456,0.114958081,1.318751075,-0.069720002,12.99999971,0,255
replay_15.json,29,7,-0.742673866,5.953564037,-1.761802467,-0.069720002,8.239999816,0,255
replay_15.json,29,8,-0.605377947,5.863010646,-2.037636537,-0.069720002,7.879999824,0,255
replay_15.json,29,9,3.917471074,5.656941042,0.987839918,0.069720002,5.879999869,0,255
replay_15.json,30,0,0.694844914,0.182232627,1.380617928,-0.069720002,6.359999858,0,255
replay_15.json,30,1,0.716667191,0.134493573,1.393409569,-0.069720002,6.639999852,0,255
replay_15.json,30,2,0.732581729,0.092484962,1.404665742,-0.069720002,6.759999849,0,255
replay_15.json,30,3,0.713808101,0.171125506,1.303701058,-0.069720002,14.87999967,0,255
replay_15.json,30,4,0.701064244,0.104992883,1.369811334,-0.069720002,6.879999846,0,255
replay_15.json,30,5,0.739136456,0.114958081,1.318751075,-0.069720002,14.87999967,0,255
replay_15.json,30,6,-0.877002915,5.937918639,-1.757610296,-0.069720002,11.51999974,0,255
replay_15.json,30,7,-0.749281005,6.006529444,-1.795269043,-0.069720002,16.63999963,0,255
replay_15.json,30,8,-0.755914362,6.059705032,-1.828868422,-0.069720002,7.119999841,0,255
replay_15.json,30,9,-0.058482299,6.0031812,1.809104808,-0.069720002,5.999999866,0,255
replay_15.json,30,10,0.238357241,6.049506441,1.565803955,-0.069720002,4.999999888,0,255
replay_15.json,30,11,4.253784735,5.420085176,1.051305256,0.069720002,8.759999804,0,255
replay_15.json,30,12,4.510208299,5.29929904,1.088249747,0.069720002,5.119999886,0,255
replay_15.json,31,0,0.717227453,0.164214078,1.30555297,0.069720002,8.51999981,0,255
replay_15.json,31,1,0.723727447,0.163627282,1.222483204,0.069720002,7.879999824,0,255
replay_15.json,31,2,0.708945731,0.093565403,1.284262879,0.069720002,9.359999791,0,255
replay_15.json,31,3,-0.877002915,5.937918639,-1.757610296,-0.069720002,12.87999971,0,255
replay_15.json,31,4,-0.884805102,5.990744859,-1.791039576,-0.069720002,14.63999967,0,255
replay_15.json,31,5,-0.755914362,6.059705032,-1.828868422,-0.069720002,5.879999869,0,255
replay_15.json,31,6,4.087467126,5.540949697,1.018919706,0.069720002,9.519999787,0,255
replay_15.json,31,7,4.277000514,5.522483473,1.317885181,0.069720002,6.999999844,0,255
replay_15.json,32,0,0.741180117,0.194384671,1.339314906,0.069720002,6.359999858,0,255
replay_15.json,32,1,0.787332178,0.206488683,1.298175138,0.069720002,7.519999832,0,255
replay_15.json,32,2,0.764457597,0.143462174,1.352959548,0.069720002,6.639999852,0,255
replay_15.json,32,3,0.812059108,0.152395327,1.312669409,0.069720002,7.759999827,0,255
replay_15.json,32,4,0.781433383,0.098652251,1.364966331,0.069720002,6.999999844,0,255
replay_15.json,32,5,0.808366776,0.080256539,1.296302824,0.069720002,8.51999981,0,255
replay_15.json,32,6,-0.760981703,0.075552039,1.337552344,0.069720002,7.879999824,0,255
replay_15.json,32,7,-0.954962023,6.074445217,-1.512379515,-0.069720002,9.999999776,0,255
replay_15.json,32,8,-0.884805102,5.990744859,-1.791039576,-0.069720002,15.99999964,0,255
replay_15.json,32,9,-0.755914362,6.059705032,-1.828868422,-0.069720002,5.879999869,0,255
replay_15.json,32,10,4.050294977,5.49055932,1.027841823,0.069720002,7.519999832,0,255
replay_15.json,32,11,4.198763557,5.460908188,1.040366763,0.069720002,18.35999959,0,255
replay_15.json,32,12,4.236947855,5.510570653,1.031639689,-0.069720002,9.519999787,0,255
replay_15.json,33,0,0.7881745,0.11451764,1.278366893,-0.069720002,9.639999785,0,255
replay_15.json,33,1,0.755037737,0.071647245,1.330356178,-0.069720002,11.75999974,0,255
replay_15.json,33,2,-0.819249391,6.091583354,-1.516971665,-0.069720002,12.63999972,0,255
replay_15.json,33,3,-0.749281005,6.006529444,-1.795269043,0.069720002,22.87999949,0,255
replay_15.json,33,4,-0.626048814,6.221338947,-1.585340931,-0.069720002,7.879999824,0,255
replay_15.json,33,5,0.058983103,5.990739853,1.569183704,-0.069720002,5.639999874,0,255
replay_15.json,33,6,4.050294977,5.49055932,1.027841823,0.069720002,6.879999846,0,255
replay_15.json,33,7,4.090128616,5.526512842,0.950936942,0.069720002,20.63999954,0,255
replay_15.json,33,8,4.292469405,5.469376389,1.042677659,0.069720002,10.35999977,0,255
replay_15.json,34,0,-0.963457767,6.128486034,-1.543627119,-0.069720002,5.759999871,0,255
replay_15.json,34,1,4.095658169,5.47989245,0.747645224,-0.069720002,9.879999779,0,255
replay_15.json,34,2,4.124639275,5.591340073,1.009997588,-0.069720002,11.11999975,0,255
replay_15.json,35,0,-0.954962023,6.074445217,-1.512379515,1.391600037,11.87999973,0,255
replay_15.json,35,1,-0.963457767,6.128486034,-1.543627119,0.069720002,27.75999938,0,255
replay_15.json,35,2,-0.971987223,6.182741299,-1.574998722,0.069720002,12.23999973,0,255
replay_15.json,35,3,0.175423504,6.000921768,1.809710221,1.809080048,5.879999869,0,255
replay_15.json,35,4,3.802172208,5.731509554,0.967859346,-0.069720002,35.11999922,0,255
replay_15.json,35,5,3.917471074,5.656941042,0.987839918,-0.069720002,39.63999911,0,255
replay_15.json,35,6,3.974535764,5.618825259,0.998053012,-0.069720002,43.11999904,0,255
replay_15.json,35,7,4.031203003,5.580160188,1.008413286,-0.069720002,44.639999,0,255
replay_15.json,35,8,4.050294977,5.49055932,1.027841823,-0.069720002,12.99999971,0,255
replay_15.json,35,9,4.087467126,5.540949697,1.018919706,-0.069720002,43.63999902,0,255
replay_15.json,35,10,4.198763557,5.460908188,1.040366763,-0.069720002,40.51999909,0,255
replay_15.json,35,11,4.236947855,5.510570653,1.031639689,0.069720002,13.99999969,0,255
replay_15.json,35,12,4.25655452,5.405569622,0.98334358,-0.069720002,36.11999919,0,255
replay_15.json,36,0,3.938851363,5.760632022,1.25407347,0.069720002,6.879999846,0,255
replay_15.json,36,1,4.039281297,5.519181518,0.73711775,0.069720002,5.999999866,0,255
replay_15.json,37,0,-0.018268914,0.189358101,2.166789576,2.017960054,5.519999877,0,255
replay_15.json,37,1,3.6461786,5.943834595,1.204984488,-0.069720002,5.239999883,0,255
replay_15.json,38,0,-0.877002915,5.937918639,-1.757610296,-0.556640015,6.239999861,0,255
replay_15.json,38,1,-0.87315218,5.834443829,-2.029982082,0.069720002,5.639999874,0,255
replay_15.json,38,2,3.651837276,5.751054788,0.958042273,-0.069720002,4.999999888,0,255
replay_15.json,38,3,3.802172208,5.731509554,0.967859346,-0.069720002,10.63999976,0,255
replay_15.json,38,4,3.996227493,5.722308216,1.264342303,-0.069720002,10.35999977,0,255
replay_15.json,38,5,4.203479737,5.654543508,1.289688219,-0.069720002,5.35999988,0,255
replay_15.json,39,0,0.659982449,0.110692771,1.241179575,-0.069720002,32.75999927,0,255
replay_15.json,39,1,0.697821412,0.124341651,1.192118757,-0.069720002,30.51999932,0,255
replay_15.json,39,2,0.738888827,0.131659268,1.144574222,-0.069720002,9.639999785,0,255
replay_15.json,39,3,0.679581089,0.065387105,1.253319192,-0.069720002,30.51999932,0,255
replay_15.json,39,4,0.693733839,0.025579552,1.263985593,-0.069720002,27.35999939,0,255
replay_15.json,39,5,-0.689291334,0.038938995,1.260405942,-0.069720002,23.87999947,0,255
replay_15.json,39,6,-1.022678487,6.064893867,-1.509820239,-0.069720002,5.239999883,0,255
replay_15.json,39,7,-0.963457767,6.128486034,-1.543627119,-0.069720002,6.519999854,0,255
replay_15.json,39,8,4.033827858,5.565748865,0.940423681,-0.069720002,17.7599996,0,255
replay_15.json,39,9,4.124639275,5.591340073,1.009997588,-0.069720002,11.51999974,0,255
replay_15.json,39,10,4.113869864,5.390587923,0.769610158,-0.069720002,7.639999829,0,255
replay_15.json,40,0,-1.154737499,5.951338668,-1.780480719,0.069720002,5.519999877,0,255
replay_15.json,40,1,4.095658169,5.47989245,0.747645224,-0.069720002,8.759999804,0,255
replay_15.json,40,2,4.189381096,5.489533673,0.747026008,-0.069720002,7.879999824,0,255
replay_15.json,41,0,0.680977566,0.245661083,1.610636094,0.069720002,18.87999958,0,255
replay_15.json,41,1,0.702955093,0.198854799,1.6231778,0.069720002,14.99999966,0,255
replay_15.json,41,2,0.757045007,0.214155975,1.594182661,0.069720002,12.63999972,0,255
replay_15.json,41,3,0.716550936,0.164569219,1.632364594,0.069720002,11.75999974,0,255
replay_15.json,41,4,0.771687003,0.177232239,1.604076346,0.069720002,11.87999973,0,255
replay_15.json,41,5,0.699064093,0.166088938,1.600740783,0.069720002,9.119999796,0,255
replay_15.json,41,6,0.782013448,0.14721305,1.612119964,0.069720002,10.99999975,0,255
replay_15.json,41,7,0.709052722,0.138882583,1.608030704,0.069720002,6.999999844,0,255
replay_15.json,41,8,-0.777005621,0.162272519,1.608084791,-0.139160004,10.11999977,0,255
replay_15.json,41,9,-0.71362259,0.125140137,1.611712981,0.069720002,5.519999877,0,255
replay_15.json,41,10,-0.768533331,0.134769229,1.581835665,-0.139160004,9.239999793,0,255
replay_15.json,41,11,-0.761036411,0.156932655,1.575896993,-0.139160004,8.359999813,0,255
replay_15.json,41,12,-0.749976401,0.186127073,1.568074372,-0.139160004,7.519999832,0,255
replay_15.json,41,13,-0.807683482,0.130834399,1.520227045,-0.139160004,7.879999824,0,255
replay_15.json,41,14,-0.743995289,0.200558212,1.56420756,-0.139160004,6.639999852,0,255
replay_15.json,41,15,-0.797018066,0.161838986,1.511919391,-0.139160004,8.51999981,0,255
replay_15.json,41,16,-0.734466423,0.221981084,1.558467319,-0.139160004,5.999999866,0,255
replay_15.json,41,17,-0.788181236,0.184808483,1.505764733,-0.139160004,9.239999793,0,255
replay_15.json,41,18,-0.726712409,0.193673857,1.53304481,-0.139160004,5.239999883,0,255
replay_15.json,41,19,-0.775787536,0.143766438,1.473561735,-0.139160004,10.11999977,0,255
replay_15.json,41,20,-0.767186097,0.166124085,1.467571022,-0.139160004,11.23999975,0,255
replay_15.json,41,21,-0.755249298,0.118052048,1.438471241,-0.139160004,12.35999972,0,255
replay_15.json,41,22,0.732581729,0.092484962,1.404665742,-0.139160004,13.75999969,0,255
replay_15.json,41,23,-0.737303242,0.07828649,1.408470211,-0.139160004,15.23999966,0,255
replay_15.json,41,24,0.692929013,0.107771426,1.361339653,-0.139160004,16.99999962,0,255
replay_15.json,41,25,0.720098441,0.170600483,1.22061474,1.322160035,20.87999953,0,255
replay_15.json,41,26,0.747084662,0.11388263,1.235812243,1.322160035,24.75999945,0,255
replay_15.json,41,27,0.764196545,0.070075921,1.247550215,1.322160035,28.63999936,0,255
replay_15.json,41,28,0.656916319,0.117052956,1.239475369,-0.069720002,81.87999817,0,255
replay_15.json,41,29,0.704265411,0.110798081,1.195747746,-0.139160004,33.51999925,0,255
replay_15.json,41,30,0.679581089,0.065387105,1.253319192,-0.069720002,85.35999809,0,255
replay_15.json,41,31,0.724585148,0.062472619,1.208696514,-0.139160004,33.35999925,0,255
replay_15.json,41,32,0.65036476,0.023980435,1.30999786,-0.139160004,29.87999933,0,255
replay_15.json,41,33,0.693733839,0.025579552,1.263985593,-0.069720002,79.35999823,0,255
replay_15.json,41,34,0.736931498,0.027172349,1.218155193,-0.139160004,31.5199993,0,255
replay_15.json,41,35,-0.689291334,0.038938995,1.260405942,-0.069720002,67.2399985,0,255
replay_15.json,41,36,-0.729742849,0.048424422,1.212460717,-0.139160004,28.51999936,0,255
replay_15.json,41,37,-0.679581089,0.065387105,1.253319192,-0.069720002,53.99999879,0,255
replay_15.json,41,38,-0.719137623,0.076418375,1.20495976,-0.139160004,24.99999944,0,255
replay_15.json,41,39,-0.66878366,0.091438985,1.246338612,-0.069720002,42.35999905,0,255
replay_15.json,41,40,-0.654138585,-0.004134798,1.228168558,-0.139160004,33.35999925,0,255
replay_15.json,41,41,-0.643536622,0.027208181,1.219770232,-0.139160004,26.51999941,0,255
replay_15.json,41,42,-1.097037572,6.014950356,-1.816876443,-0.069720002,5.879999869,0,255
replay_15.json,41,43,-1.019975288,5.97234548,-1.786109477,-0.069720002,10.51999976,0,255
replay_15.json,41,44,-0.954962023,6.074445217,-1.512379515,4.244520113,7.239999838,0,255
replay_15.json,41,45,3.844438455,5.722405747,0.684628124,-0.069720002,6.999999844,0,255
replay_15.json,41,46,3.982500499,5.557924071,0.726736714,0.069720002,14.35999968,0,255
replay_15.json,41,47,4.002547358,5.468989105,0.748602624,0.069720002,6.879999846,0,255
replay_15.json,42,0,0.628578745,0.226758329,1.640596273,-0.069720002,6.999999844,0,255
replay_15.json,42,1,0.648865179,0.183553624,1.652172939,-0.069720002,6.119999863,0,255
replay_15.json,42,2,0.644362459,0.27665563,1.571114527,0.069720002,27.51999938,0,255
replay_15.json,42,3,0.685658911,0.311269688,1.53454251,0.069720002,28.11999937,0,255
replay_15.json,42,4,0.626664342,0.196327466,1.619935603,-0.069720002,5.239999883,0,255
replay_15.json,42,5,0.678903577,0.212693479,1.588253134,0.069720002,23.99999946,0,255
replay_15.json,42,6,0.731142812,0.229059491,1.556570665,0.069720002,32.87999927,0,255
replay_15.json,42,7,0.696391529,0.172828527,1.598934915,-0.208880006,19.35999957,0,255
replay_15.json,42,8,0.749976401,0.186127073,1.568074372,0.069720002,38.23999915,0,255
replay_15.json,42,9,0.72497708,0.309344438,1.472395425,0.069720002,20.99999953,0,255
replay_15.json,42,10,0.709052722,0.138882583,1.608030704,-0.208880006,15.11999966,0,255
replay_15.json,42,11,0.761036411,0.156932655,1.575896993,0.069720002,43.75999902,0,255
replay_15.json,42,12,0.768388239,0.229927938,1.493675012,0.069720002,24.35999946,0,255
replay_15.json,42,13,-0.71362259,0.125140137,1.611712981,-0.208880006,11.63999974,0,255
replay_15.json,42,14,0.738445091,0.165365413,1.540630035,0.069720002,50.35999887,0,255
replay_15.json,42,15,0.788181236,0.184808483,1.505764733,0.069720002,28.87999935,0,255
replay_15.json,42,16,-0.706661315,0.145720014,1.60619862,-0.208880006,8.879999802,0,255
replay_15.json,42,17,0.748996418,0.136626419,1.548330625,0.069720002,55.99999875,0,255
replay_15.json,42,18,0.747920334,0.210041673,1.45580334,0.069720002,34.35999923,0,255
replay_15.json,42,19,-0.699064093,0.166088938,1.600740783,-0.208880006,6.879999846,0,255
replay_15.json,42,20,-0.753823724,0.122109807,1.552220339,0.069720002,58.75999869,0,255
replay_15.json,42,21,0.767186097,0.166124085,1.467571022,0.069720002,41.75999907,0,255
replay_15.json,42,22,-0.690720981,0.140254767,1.577013959,-0.208880006,5.239999883,0,255
replay_15.json,42,23,-0.74005379,0.147702265,1.537212721,-0.208880006,57.63999871,0,255
replay_15.json,42,24,0.781134416,0.128727225,1.47759148,0.069720002,51.35999885,0,255
replay_15.json,42,25,-0.733743781,0.106013223,1.516213997,-0.208880006,52.99999882,0,255
replay_15.json,42,26,-0.786168852,0.113587734,1.481648095,0.069720002,64.23999856,0,255
replay_15.json,42,27,-0.724054735,0.134179482,1.50866687,-0.208880006,46.51999896,0,255
replay_15.json,42,28,0.755249298,0.118052048,1.438471241,0.069720002,81.63999818,0,255
replay_15.json,42,29,-0.716026876,0.155046227,1.503075643,-0.208880006,39.75999911,0,255
replay_15.json,42,30,-0.765016967,0.088678843,1.446341767,0.069720002,105.2399976,0,255
replay_15.json,42,31,0.741180117,0.194384671,1.339314906,-0.208880006,41.35999908,0,255
replay_15.json,42,32,-0.707354642,0.175670988,1.497549255,-0.208880006,33.35999925,0,255
replay_15.json,42,33,-0.755249298,0.118052048,1.438471241,0.069720002,135.999997,0,255
replay_15.json,42,34,0.764457597,0.143462174,1.352959548,-0.208880006,54.63999878,0,255
replay_15.json,42,35,-0.747129713,0.13982148,1.432638139,-0.208880006,172.7599961,0,255
replay_15.json,42,36,-0.74018948,0.089018752,1.413614862,-0.069720002,207.6399954,0,255
replay_15.json,42,37,0.726247745,0.161848818,1.314429192,-0.139160004,105.7599976,0,255
replay_15.json,42,38,0.761888021,0.174439417,1.262310902,-0.139160004,44.879999,0,255
replay_15.json,42,39,0.802879781,0.192479195,1.216814237,-0.139160004,12.35999972,0,255
replay_15.json,42,40,-0.730089818,0.117426154,1.406003121,-0.208880006,225.239995,0,255
replay_15.json,42,41,0.741973064,0.107804812,1.320667787,-0.139160004,155.8799965,0,255
replay_15.json,42,42,0.785161262,0.122116331,1.27633083,-0.139160004,61.99999861,0,255
replay_15.json,42,43,0.831368705,0.129302986,1.233742251,-0.139160004,14.23999968,0,255
replay_15.json,42,44,-0.716667191,0.134493573,1.393409569,-0.208880006,214.8799952,0,255
replay_15.json,42,45,0.755037737,0.071647245,1.330356178,-0.139160004,234.5199948,0,255
replay_15.json,42,46,0.799436389,0.083843263,1.286586068,-0.139160004,86.23999807,0,255
replay_15.json,42,47,0.846483937,0.088777514,1.244601019,-0.139160004,17.23999961,0,255
replay_15.json,42,48,-0.707738767,0.155133178,1.387879203,-0.208880006,183.1199959,0,255
replay_15.json,42,49,-0.755037737,0.071647245,1.330356178,-0.139160004,336.5199925,0,255
replay_15.json,42,50,-0.802052689,0.0761086,1.288658564,-0.139160004,117.1199974,0,255
replay_15.json,42,51,0.7700854,0.165836566,1.178713915,-0.139160004,20.51999954,0,255
replay_15.json,42,52,-0.703674349,0.09820846,1.371629214,-0.208880006,145.7599967,0,255
replay_15.json,42,53,-0.744735474,0.100624502,1.322591746,3.687880098,398.8799911,0,255
replay_15.json,42,54,0.753090609,0.099391566,1.239695112,-0.139160004,146.6399967,0,255
replay_15.json,42,55,0.797410666,0.105240849,1.194950488,-0.139160004,23.35999948,0,255
replay_15.json,42,56,-0.687402858,0.121104852,1.357766973,-0.208880006,112.9999975,0,255
replay_15.json,42,57,0.721835173,0.059007499,1.293522642,-0.139160004,352.6399921,0,255
replay_15.json,42,58,0.766782656,0.062681798,1.249531465,-0.139160004,157.7599965,0,255
replay_15.json,42,59,0.811908502,0.066370678,1.205365719,-0.139160004,25.51999943,0,255
replay_15.json,42,60,-0.678598811,0.14089818,1.352463366,-0.208880006,87.63999804,0,255
replay_15.json,42,61,-0.724197508,0.052023639,1.295393962,3.687880098,254.6399943,0,255
replay_15.json,42,62,-0.76929209,0.055263065,1.251519308,-0.139160004,142.9999968,0,255
replay_15.json,42,63,-0.814565619,0.058515346,1.207470549,-0.069720002,26.35999941,0,255
replay_15.json,42,64,-0.669184071,0.160427519,1.347230496,-0.208880006,68.75999846,0,255
replay_15.json,42,65,-0.714316051,0.079817292,1.287946675,3.687880098,174.1199961,0,255
replay_15.json,42,66,-0.758795331,0.084787383,1.243608291,-0.208880006,114.9999974,0,255
replay_15.json,42,67,-0.803451116,0.089777197,1.199093962,-0.069720002,25.87999942,0,255
replay_15.json,42,68,-0.65932524,0.100504931,1.325580752,-0.208880006,54.75999878,0,255
replay_15.json,42,69,-0.706154093,0.100399868,1.28243159,-0.208880006,121.1199973,0,255
replay_15.json,42,70,-0.750125141,0.106651601,1.237749791,-0.208880006,87.75999804,0,255
replay_15.json,42,71,-0.794270678,0.112928144,1.192890684,-0.069720002,24.23999946,0,255
replay_15.json,42,72,-0.650880803,0.119489782,1.320493776,-0.208880006,44.35999901,0,255
replay_15.json,42,73,-0.694284293,0.127457867,1.275181421,-0.208880006,87.63999804,0,255
replay_15.json,42,74,-0.737516228,0.135394458,1.230048166,-0.208880006,66.63999851,0,255
replay_15.json,42,75,-0.684651936,0.147438617,1.269827595,-0.208880006,65.75999853,0,255
replay_15.json,42,76,-0.72728408,0.156619376,1.224360967,-0.208880006,51.35999885,0,255
replay_15.json,42,77,-0.674403438,0.167131294,1.264550958,-0.208880006,51.11999886,0,255
replay_15.json,42,78,-0.716397426,0.177538283,1.218755762,-0.208880006,40.3599991,0,255
replay_15.json,42,79,-0.708780855,0.191304907,1.215067007,-0.208880006,32.51999927,0,255
replay_15.json,42,80,-1.090292683,6.054688915,-1.50708583,-0.069720002,9.879999779,0,255
replay_15.json,42,81,-1.109730578,6.162632779,-1.56961066,-0.069720002,7.359999835,0,255
replay_15.json,42,82,-1.031776664,6.118849712,-1.541045075,-0.069720002,13.3599997,0,255
replay_15.json,42,83,0.118190355,6.065540008,1.807324063,-0.069720002,5.239999883,0,255
replay_15.json,42,84,3.982500499,5.557924071,0.726736714,-0.069720002,15.99999964,0,255
replay_15.json,42,85,4.002547358,5.468989105,0.748602624,0.069720002,6.639999852,0,255
replay_15.json,42,86,4.132904809,5.529727561,0.736256088,-0.069720002,8.119999819,0,255
replay_15.json,43,0,0.729698999,0.271630007,1.578782541,-0.069720002,47.87999893,0,255
replay_15.json,43,1,0.785775209,0.28346659,1.550715737,-0.069720002,33.51999925,0,255
replay_15.json,43,2,0.636669444,0.28902986,1.567798862,-0.069720002,21.35999952,0,255
replay_15.json,43,3,0.693943876,0.297943305,1.538113303,-0.069720002,49.63999889,0,255
replay_15.json,43,4,0.734648379,0.333509516,1.501286157,-0.069720002,35.9999992,0,255
replay_15.json,43,5,0.678903577,0.212693479,1.588253134,-0.069720002,20.11999955,0,255
replay_15.json,43,6,0.731142812,0.229059491,1.556570665,-0.069720002,49.51999889,0,255
replay_15.json,43,7,0.783382047,0.245425504,1.524888197,-0.069720002,38.51999914,0,255
replay_15.json,43,8,0.696391529,0.172828527,1.598934915,-0.069720002,17.63999961,0,255
replay_15.json,43,9,0.749976401,0.186127073,1.568074372,-0.069720002,47.63999894,0,255
replay_15.json,43,10,0.803561272,0.199425618,1.537213829,-0.069720002,40.63999909,0,255
replay_15.json,43,11,0.706661315,0.145720014,1.60619862,-0.069720002,15.35999966,0,255
replay_15.json,43,12,0.763611828,0.149569108,1.577870049,-0.069720002,44.35999901,0,255
replay_15.json,43,13,0.818170933,0.160255633,1.547709395,-0.069720002,42.51999905,0,255
replay_15.json,43,14,-0.715800594,0.118236496,1.613562806,-0.069720002,12.87999971,0,255
replay_15.json,43,15,-0.768533331,0.134769229,1.581835665,-0.069720002,40.3599991,0,255
replay_15.json,43,16,-0.825957255,0.136432259,1.554092849,-0.069720002,43.87999902,0,255
replay_15.json,43,17,-0.706661315,0.145720014,1.60619862,-0.069720002,10.75999976,0,255
replay_15.json,43,18,-0.761036411,0.156932655,1.575896993,-0.069720002,36.11999919,0,255
replay_15.json,43,19,0.802511271,0.146388205,1.516059416,-0.069720002,44.99999899,0,255
replay_15.json,43,20,0.794088456,0.231736412,1.417453934,-0.069720002,18.35999959,0,255
replay_15.json,43,21,-0.697757654,0.120135748,1.582404834,-0.069720002,8.879999802,0,255
replay_15.json,43,22,-0.751447643,0.12937977,1.550272359,-0.069720002,31.99999928,0,255
replay_15.json,43,23,-0.807683482,0.130834399,1.520227045,-0.069720002,45.63999898,0,255
replay_15.json,43,24,-0.690720981,0.140254767,1.577013959,-0.069720002,7.359999835,0,255
replay_15.json,43,25,-0.743869523,0.151046877,1.544466675,-0.208880006,28.23999937,0,255
replay_15.json,43,26,-0.797018066,0.161838986,1.511919391,-0.069720002,45.99999897,0,255
replay_15.json,43,27,0.755222908,0.239210592,1.370671142,-0.069720002,22.5199995,0,255
replay_15.json,43,28,-0.683062706,0.160160857,1.571680138,-0.069720002,6.119999863,0,255
replay_15.json,43,29,-0.735621971,0.17248467,1.538722436,-0.208880006,24.87999944,0,255
replay_15.json,43,30,-0.784138203,0.181107079,1.498024064,-0.069720002,45.99999897,0,255
replay_15.json,43,31,0.784289236,0.179696667,1.38661785,-0.069720002,24.87999944,0,255
replay_15.json,43,32,-0.67478972,0.179836103,1.566408172,-0.069720002,5.119999886,0,255
replay_15.json,43,33,-0.722984684,0.190110586,1.525849445,-0.208880006,21.99999951,0,255
replay_15.json,43,34,-0.775787536,0.143766438,1.473561735,-0.069720002,45.87999897,0,255
replay_15.json,43,35,0.802805695,0.133692387,1.39894466,-0.069720002,27.51999938,0,255
replay_15.json,43,36,-0.767186097,0.166124085,1.467571022,-0.069720002,45.51999898,0,255
replay_15.json,43,37,0.750009963,0.191752709,1.34857532,-0.069720002,30.35999932,0,255
replay_15.json,43,38,-0.757894242,0.188222459,1.46164978,-0.069720002,44.99999899,0,255
replay_15.json,43,39,0.767479726,0.136063424,1.354942037,-0.069720002,33.51999925,0,255
replay_15.json,43,40,0.781433383,0.098652251,1.364966331,-0.069720002,36.87999918,0,255
replay_15.json,43,41,-0.786469747,0.083506965,1.369024498,-0.069720002,40.2399991,0,255
replay_15.json,43,42,0.747814179,0.111994253,1.327787682,-0.139160004,43.63999902,0,255
replay_15.json,43,43,0.721835173,0.059007499,1.293522642,-0.139160004,52.63999882,0,255
replay_15.json,43,44,0.764196545,0.070075921,1.247550215,-0.139160004,22.63999949,0,255
replay_15.json,43,45,-1.022678487,6.064893867,-1.509820239,-0.069720002,5.119999886,0,255
replay_15.json,43,46,-1.019975288,5.97234548,-1.786109477,-0.069720002,5.759999871,0,255
replay_15.json,43,47,3.889623887,5.545224165,0.728175502,0.069720002,6.759999849,0,255
replay_15.json,43,48,3.982500499,5.557924071,0.726736714,0.069720002,16.99999962,0,255
replay_15.json,43,49,4.076015235,5.56937393,0.725632875,0.069720002,14.23999968,0,255
replay_15.json,43,50,4.339833453,5.456253214,0.757907622,0.069720002,5.999999866,0,255
replay_15.json,44,0,0.685658911,0.311269688,1.53454251,-0.069720002,19.87999956,0,255
replay_15.json,44,1,0.678903577,0.212693479,1.588253134,-0.069720002,9.999999776,0,255
replay_15.json,44,2,0.731142812,0.229059491,1.556570665,-0.069720002,19.87999956,0,255
replay_15.json,44,3,0.696391529,0.172828527,1.598934915,-0.069720002,8.999999799,0,255
replay_15.json,44,4,0.749976401,0.186127073,1.568074372,-0.069720002,19.23999957,0,255
replay_15.json,44,5,0.720587325,0.316326036,1.470524711,-0.208880006,21.11999953,0,255
replay_15.json,44,6,0.706661315,0.145720014,1.60619862,-0.069720002,7.879999824,0,255
replay_15.json,44,7,0.761036411,0.156932655,1.575896993,-0.069720002,18.23999959,0,255
replay_15.json,44,8,0.764446735,0.22599509,1.485996357,-0.208880006,22.11999951,0,255
replay_15.json,44,9,-0.715800594,0.118236496,1.613562806,-0.069720002,6.759999849,0,255
replay_15.json,44,10,-0.770878924,0.127334377,1.583827828,-0.069720002,16.87999962,0,255
replay_15.json,44,11,0.697757654,0.120135748,1.582404834,0.069720002,5.879999869,0,255
replay_15.json,44,12,0.751447643,0.12937977,1.550272359,0.069720002,15.35999966,0,255
replay_15.json,44,13,0.744445664,0.217249307,1.45387206,-0.208880006,23.23999948,0,255
replay_15.json,44,14,-0.697757654,0.120135748,1.582404834,0.069720002,4.999999888,0,255
replay_15.json,44,15,-0.753823724,0.122109807,1.552220339,0.069720002,13.87999969,0,255
replay_15.json,44,16,0.767186097,0.166124085,1.467571022,-0.208880006,23.35999948,0,255
replay_15.json,44,17,-0.743869523,0.151046877,1.544466675,0.069720002,12.35999972,0,255
replay_15.json,44,18,0.7784999,0.136259743,1.475573148,-0.208880006,23.23999948,0,255
replay_15.json,44,19,-0.735621971,0.17248467,1.538722436,0.069720002,11.11999975,0,255
replay_15.json,44,20,0.738337761,0.161345865,1.426870697,-0.208880006,22.75999949,0,255
replay_15.json,44,21,-0.722984684,0.190110586,1.525849445,0.069720002,9.999999776,0,255
replay_15.json,44,22,0.752617941,0.125334548,1.436519901,-0.208880006,22.11999951,0,255
replay_15.json,44,23,0.76268921,0.096057159,1.444364754,-0.208880006,21.23999953,0,255
replay_15.json,44,24,4.040291462,5.502553116,0.669592656,0.069720002,13.5199997,0,255
replay_15.json,44,25,4.05841153,5.430057339,0.759034359,0.069720002,6.759999849,0,255
replay_15.json,44,26,4.133938389,5.512938023,0.668119566,-0.069720002,11.63999974,0,255
replay_15.json,44,27,4.331154076,5.518667602,1.034050061,-0.069720002,6.119999863,0,255
replay_15.json,45,0,0.675749543,0.219236005,1.586500069,-0.069720002,7.639999829,0,255
replay_15.json,45,1,0.632029463,0.262000725,1.544392228,-0.069720002,7.359999835,0,255
replay_15.json,45,2,0.672535508,0.295232075,1.505832368,-0.069720002,13.11999971,0,255
replay_15.json,45,3,0.66590947,0.199262799,1.561202804,-0.069720002,7.119999841,0,255
replay_15.json,45,4,0.717148854,0.214595369,1.527438908,-0.069720002,12.99999971,0,255
replay_15.json,45,5,0.683062706,0.160160857,1.571680138,-0.069720002,6.879999846,0,255
replay_15.json,45,6,0.731848544,0.169030091,1.531497947,-0.069720002,12.87999971,0,255
replay_15.json,45,7,0.691914041,0.123827675,1.573847762,-0.069720002,6.519999854,0,255
replay_15.json,45,8,0.698045836,0.196035204,1.492092679,0.069720002,12.63999972,0,255
replay_15.json,45,9,0.664867656,0.143968369,1.538580264,-0.069720002,6.119999863,0,255
replay_15.json,45,10,0.716026876,0.155046227,1.503075643,0.069720002,12.35999972,0,255
replay_15.json,45,11,0.676955709,0.111559072,1.547264309,-0.069720002,5.879999869,0,255
replay_15.json,45,12,0.729045062,0.120143148,1.512427894,0.069720002,12.11999973,0,255
replay_15.json,45,13,0.708009813,0.224256235,1.410013915,0.069720002,12.99999971,0,255
replay_15.json,45,14,-0.68131871,0.098438711,1.550779899,-0.069720002,5.639999874,0,255
replay_15.json,45,15,-0.733743781,0.106013223,1.516213997,0.069720002,11.87999973,0,255
replay_15.json,45,16,-0.674672555,0.118086989,1.545515158,-0.069720002,5.519999877,0,255
replay_15.json,45,17,0.702430186,0.116976709,1.474095142,0.069720002,11.63999974,0,255
replay_15.json,45,18,-0.66298782,0.076851881,1.520182322,-0.069720002,5.239999883,0,255
replay_15.json,45,19,-0.714002393,0.082765362,1.483262045,0.069720002,11.35999975,0,255
replay_15.json,45,20,0.694844914,0.182232627,1.380617928,0.069720002,14.11999968,0,255
replay_15.json,45,21,0.716667191,0.134493573,1.393409569,0.069720002,14.51999968,0,255
replay_15.json,45,22,4.02032614,5.538041427,0.443429211,0.069720002,7.999999821,0,255
replay_15.json,45,23,4.040291462,5.502553116,0.669592656,0.069720002,9.239999793,0,255
replay_15.json,45,24,4.161811424,5.64173045,1.00107547,-0.069720002,5.759999871,0,255
replay_15.json,46,0,-1.35959174,6.007354472,-1.494402604,0.417480011,4.999999888,0,255
replay_15.json,46,1,-1.154737499,5.951338668,-1.780480719,-0.069720002,5.35999988,0,255
replay_15.json,46,2,3.787083369,5.688889107,0.403009697,-0.069720002,9.879999779,0,255
replay_15.json,46,3,3.925321455,5.596116235,0.716503154,-0.069720002,16.11999964,0,255
replay_15.json,46,4,4.05841153,5.430057339,0.759034359,-0.069720002,7.879999824,0,255
replay_15.json,47,0,0.445874224,-0.026379984,1.309938889,0.069720002,5.239999883,0,255
replay_15.json,47,1,-1.019975288,5.97234548,-1.786109477,0.069720002,5.639999874,0,255
replay_15.json,47,2,3.606711393,5.866370101,0.646052991,-0.069720002,8.119999819,0,255
replay_15.json,47,3,3.983496464,5.541305358,0.659209024,-0.069720002,20.35999954,0,255
replay_15.json,47,4,4.114898683,5.374091136,0.702704403,-0.069720002,10.35999977,0,255
replay_15.json,48,0,0.677562922,0.252222384,1.608877999,-0.069720002,20.23999955,0,255
replay_15.json,48,1,0.644362459,0.27665563,1.571114527,-0.069720002,19.99999955,0,255
replay_15.json,48,2,0.681413372,0.317872195,1.532773373,-0.069720002,27.51999938,0,255
replay_15.json,48,3,0.678903577,0.212693479,1.588253134,-0.069720002,19.35999957,0,255
replay_15.json,48,4,0.727746087,0.236105442,1.554682708,-0.069720002,28.51999936,0,255
replay_15.json,48,5,0.696391529,0.172828527,1.598934915,-0.069720002,18.51999959,0,255
replay_15.json,48,6,0.747023196,0.193357086,1.566137096,-0.069720002,29.11999935,0,255
replay_15.json,48,7,0.720587325,0.316326036,1.470524711,-0.069720002,15.87999965,0,255
replay_15.json,48,8,0.706661315,0.145720014,1.60619862,-0.069720002,17.35999961,0,255
replay_15.json,48,9,0.720408852,0.20765244,1.52929926,-0.278320007,28.99999935,0,255
replay_15.json,48,10,0.768388239,0.229927938,1.493675012,-0.069720002,16.87999962,0,255
replay_15.json,48,11,-0.715800594,0.118236496,1.613562806,-0.069720002,16.11999964,0,255
replay_15.json,48,12,0.738445091,0.165365413,1.540630035,-0.278320007,28.51999936,0,255
replay_15.json,48,13,0.784138203,0.181107079,1.498024064,-0.069720002,17.63999961,0,255
replay_15.json,48,14,0.697757654,0.120135748,1.582404834,-0.069720002,14.87999967,0,255
replay_15.json,48,15,0.748996418,0.136626419,1.548330625,-0.278320007,27.35999939,0,255
replay_15.json,48,16,0.747920334,0.210041673,1.45580334,-0.069720002,18.23999959,0,255
replay_15.json,48,17,-0.699963967,0.113385215,1.584213633,-0.069720002,13.6399997,0,255
replay_15.json,48,18,-0.74995693,0.11891363,1.544926612,-0.278320007,25.87999942,0,255
replay_15.json,48,19,0.767186097,0.166124085,1.467571022,-0.069720002,18.63999958,0,255
replay_15.json,48,20,-0.690720981,0.140254767,1.577013959,-0.069720002,12.35999972,0,255
replay_15.json,48,21,0.729045062,0.120143148,1.512427894,-0.278320007,24.11999946,0,255
replay_15.json,48,22,0.781134416,0.128727225,1.47759148,-0.069720002,18.75999958,0,255
replay_15.json,48,23,-0.679558885,0.156953103,1.56497183,-0.069720002,11.35999975,0,255
replay_15.json,48,24,-0.733743781,0.106013223,1.516213997,-0.278320007,22.3599995,0,255
replay_15.json,48,25,-0.786168852,0.113587734,1.481648095,-0.069720002,18.63999958,0,255
replay_15.json,48,26,-0.672321934,0.124592527,1.543772005,-0.695800019,10.35999977,0,255
replay_15.json,48,27,-0.724054735,0.134179482,1.50866687,-0.278320007,20.51999954,0,255
replay_15.json,48,28,0.755249298,0.118052048,1.438471241,-0.695800019,18.11999959,0,255
replay_15.json,48,29,-0.716026876,0.155046227,1.503075643,-0.278320007,18.75999958,0,255
replay_15.json,48,30,-0.765016967,0.088678843,1.446341767,-0.695800019,17.51999961,0,255
replay_15.json,48,31,0.741180117,0.194384671,1.339314906,0.069720002,6.639999852,0,255
replay_15.json,48,32,-0.755249298,0.118052048,1.438471241,-0.695800019,16.51999963,0,255
replay_15.json,48,33,-0.877002915,5.937918639,-1.757610296,0.069720002,5.519999877,0,255
replay_15.json,48,34,0.009832197,0.230959293,2.102811182,-3.479000093,6.239999861,0,255
replay_15.json,49,0,0.685658911,0.311269688,1.53454251,-0.417480011,91.87999795,0,255
replay_15.json,49,1,0.725477614,0.34761372,1.497506947,-0.069720002,31.1199993,0,255
replay_15.json,49,2,0.623753,0.202366568,1.61831743,-0.208880006,19.99999955,0,255
replay_15.json,49,3,0.675749543,0.219236005,1.586500069,-0.417480011,82.75999815,0,255
replay_15.json,49,4,0.731142812,0.229059491,1.556570665,-0.417480011,93.9999979,0,255
replay_15.json,49,5,0.783382047,0.245425504,1.524888197,-0.069720002,32.87999927,0,255
replay_15.json,49,6,0.640275459,0.165726844,1.628135015,-0.208880006,19.63999956,0,255
replay_15.json,49,7,0.693649327,0.179541965,1.597136055,-0.417480011,80.75999819,0,255
replay_15.json,49,8,0.749976401,0.186127073,1.568074372,-0.417480011,93.35999791,0,255
replay_15.json,49,9,0.803561272,0.199425618,1.537213829,-0.069720002,34.11999924,0,255
replay_15.json,49,10,0.617464238,0.177979428,1.596561213,-0.417480011,18.63999958,0,255
replay_15.json,49,11,0.668936545,0.192815934,1.562930236,-0.417480011,75.75999831,0,255
replay_15.json,49,12,0.761036411,0.156932655,1.575896993,-0.417480011,89.99999799,0,255
replay_15.json,49,13,0.771881159,0.222488946,1.495668284,-0.348040009,34.87999922,0,255
replay_15.json,49,14,0.632923143,0.141735111,1.606272848,-0.417480011,17.23999961,0,255
replay_15.json,49,15,0.685684117,0.153550262,1.573451441,-0.417480011,68.75999846,0,255
replay_15.json,49,16,0.738445091,0.165365413,1.540630035,-0.417480011,84.63999811,0,255
replay_15.json,49,17,0.791206064,0.177180564,1.507808628,-0.348040009,34.99999922,0,255
replay_15.json,49,18,0.641966713,0.117102847,1.612873044,-0.417480011,15.63999965,0,255
replay_15.json,49,19,0.695481565,0.126864633,1.580601834,-0.417480011,60.99999864,0,255
replay_15.json,49,20,0.748996418,0.136626419,1.548330625,-0.417480011,77.75999826,0,255
replay_15.json,49,21,0.802511271,0.146388205,1.516059416,-0.348040009,34.35999923,0,255
replay_15.json,49,22,-0.64278997,0.101921171,1.609955455,-0.417480011,13.87999969,0,255
replay_15.json,49,23,-0.69637345,0.110417401,1.577441034,-0.417480011,53.23999881,0,255
replay_15.json,49,24,-0.753823724,0.122109807,1.552220339,-0.417480011,70.35999843,0,255
replay_15.json,49,25,-0.807683482,0.130834399,1.520227045,-0.348040009,33.11999926,0,255
replay_15.json,49,26,-0.636519656,0.120458334,1.604988438,-0.417480011,12.23999973,0,255
replay_15.json,49,27,-0.689580438,0.130499836,1.572059961,-0.417480011,46.11999897,0,255
replay_15.json,49,28,-0.74005379,0.147702265,1.537212721,-0.417480011,62.87999859,0,255
replay_15.json,49,29,0.781134416,0.128727225,1.47759148,-0.348040009,31.3599993,0,255
replay_15.json,49,30,-0.628893639,0.0908642,1.585345801,-0.417480011,10.75999976,0,255
replay_15.json,49,31,-0.68131871,0.098438711,1.550779899,-0.417480011,39.75999911,0,255
replay_15.json,49,32,-0.733743781,0.106013223,1.516213997,-0.417480011,55.75999875,0,255
replay_15.json,49,33,-0.786168852,0.113587734,1.481648095,-0.348040009,29.23999935,0,255
replay_15.json,49,34,-0.620589133,0.115005572,1.578877139,-0.417480011,9.519999787,0,255
replay_15.json,49,35,-0.672321934,0.124592527,1.543772005,-0.417480011,34.23999923,0,255
replay_15.json,49,36,-0.724054735,0.134179482,1.50866687,-0.417480011,49.1199989,0,255
replay_15.json,49,37,-0.775787536,0.143766438,1.473561735,-0.348040009,26.8799994,0,255
replay_15.json,49,38,-0.767186097,0.166124085,1.467571022,-0.348040009,24.51999945,0,255
replay_15.json,49,39,0.74473059,0.187208213,1.341237832,0.069720002,6.759999849,0,255
replay_15.json,49,40,0.767479726,0.136063424,1.354942037,0.069720002,6.639999852,0,255
replay_15.json,49,41,-0.877002915,5.937918639,-1.757610296,-0.069720002,9.639999785,0,255
replay_15.json,49,42,-0.884805102,5.990744859,-1.791039576,-0.069720002,9.879999779,0,255
replay_15.json,49,43,-0.892638249,6.043780706,-1.824601512,-0.069720002,5.35999988,0,255
replay_15.json,49,44,0.057887936,6.006018738,2.049331304,-0.069720002,4.999999888,0,255
replay_15.json,49,45,0.03304643,0.026901995,1.75061431,3.061520082,5.119999886,0,255
replay_15.json,49,46,4.040291462,5.502553116,0.669592656,-0.069720002,11.87999973,0,255
replay_15.json,49,47,4.059426479,5.413570423,0.69212596,-0.069720002,7.359999835,0,255
replay_15.json,50,0,0.579943447,0.247459243,1.577944152,-0.348040009,24.35999946,0,255
replay_15.json,50,1,0.632029463,0.262000725,1.544392228,-0.139160004,71.3599984,0,255
replay_15.json,50,2,0.676632536,0.28871604,1.507578334,-0.139160004,82.63999815,0,255
replay_15.json,50,3,0.614670085,0.18393023,1.5949667,-0.348040009,27.51999938,0,255
replay_15.json,50,4,0.66590947,0.199262799,1.561202804,-0.139160004,75.9999983,0,255
replay_15.json,50,5,0.717148854,0.214595369,1.527438908,-0.139160004,89.639998,0,255
replay_15.json,50,6,0.627269227,0.144876116,1.598445713,-0.348040009,30.63999932,0,255
replay_15.json,50,7,0.679558885,0.156953103,1.56497183,-0.139160004,79.51999822,0,255
replay_15.json,50,8,0.731848544,0.169030091,1.531497947,-0.139160004,95.87999786,0,255
replay_15.json,50,9,0.598296841,0.168022266,1.564671359,-0.348040009,33.87999924,0,255
replay_15.json,50,10,0.648171338,0.182028735,1.528382019,-0.139160004,81.75999817,0,255
replay_15.json,50,11,0.698045836,0.196035204,1.492092679,-0.139160004,100.8799977,0,255
replay_15.json,50,12,0.613708435,0.132890511,1.574084884,-0.348040009,36.63999918,0,255
replay_15.json,50,13,0.664867656,0.143968369,1.538580264,-0.139160004,82.51999816,0,255
replay_15.json,50,14,0.716026876,0.155046227,1.503075643,-0.139160004,103.9999977,0,255
replay_15.json,50,15,0.624866355,0.102974995,1.582100723,-0.348040009,38.75999913,0,255
replay_15.json,50,16,0.676955709,0.111559072,1.547264309,-0.139160004,81.75999817,0,255
replay_15.json,50,17,0.726586227,0.127173366,1.510544153,-0.139160004,104.9999977,0,255
replay_15.json,50,18,0.708009813,0.224256235,1.410013915,-0.626360017,39.87999911,0,255
replay_15.json,50,19,-0.628893639,0.0908642,1.585345801,-0.348040009,39.87999911,0,255
replay_15.json,50,20,-0.68131871,0.098438711,1.550779899,-0.139160004,79.63999822,0,255
replay_15.json,50,21,0.69348467,0.154265716,1.471844021,-0.139160004,103.5199977,0,255
replay_15.json,50,22,0.608001826,0.097368512,1.556655022,-0.348040009,39.75999911,0,255
replay_15.json,50,23,0.658685339,0.105485228,1.519697434,-0.139160004,76.51999829,0,255
replay_15.json,50,24,0.702430186,0.116976709,1.474095142,-0.139160004,99.63999777,0,255
replay_15.json,50,25,-0.611973246,0.0709384,1.5571026,-0.348040009,38.51999914,0,255
replay_15.json,50,26,-0.66298782,0.076851881,1.520182322,-0.139160004,72.51999838,0,255
replay_15.json,50,27,0.711829861,0.08965166,1.481416867,-0.139160004,93.8799979,0,255
replay_15.json,50,28,-0.604159626,0.094435415,1.550806594,-0.348040009,36.23999919,0,255
replay_15.json,50,29,-0.656737815,0.095974671,1.515058386,-0.139160004,67.99999848,0,255
replay_15.json,50,30,0.676281448,0.122710354,1.442099284,-0.139160004,86.87999806,0,255
replay_15.json,50,31,-0.597664385,0.111849814,1.54614042,-0.348040009,33.51999925,0,255
replay_15.json,50,32,-1.077473338,0.917179268,3.356257262,-0.069720002,4.999999888,0,255
replay_15.json,50,33,-0.001236826,0.176587124,2.18117523,-4.174800112,5.119999886,0,255
replay_15.json,50,34,4.097297034,5.410068545,0.478374242,0.069720002,7.239999838,0,255
replay_15.json,50,35,4.129597934,5.380076105,0.195272943,0.069720002,5.519999877,0,255
replay_15.json,51,0,-0.944039247,5.929123608,-1.755253674,0.069720002,6.239999861,0,255
replay_15.json,52,0,4.040897602,5.449373334,0.467842556,0.069720002,7.119999841,0,255
replay_15.json,52,1,4.129597934,5.380076105,0.195272943,0.069720002,5.639999874,0,255
replay_15.json,53,0,-0.132193322,0.007553618,1.511890427,0.069720002,5.119999886,0,255
replay_15.json,53,1,4.129597934,5.380076105,0.195272943,0.069720002,5.519999877,0,255
replay_15.json,53,2,4.153286739,5.370220955,0.489051372,-0.069720002,6.759999849,0,255
replay_15.json,55,0,-0.666499605,5.805193817,-2.000393736,0.069720002,18.11999959,0,255
replay_15.json,55,1,-0.605377947,5.863010646,-2.037636537,0.069720002,15.63999965,0,255
replay_15.json,55,2,-0.528754623,5.764831581,-1.967741566,-0.069720002,6.519999854,0,255
replay_15.json,55,3,-0.543031544,5.920487989,-2.074874687,0.069720002,5.999999866,0,255
replay_15.json,56,0,-2.957976685,3.310955875,-0.677123069,-0.069720002,5.35999988,0,255
replay_15.json,56,1,-2.914699986,3.408425136,-0.72507702,-0.069720002,5.519999877,0,255
replay_15.json,56,2,-0.877002915,5.937918639,-1.757610296,-0.069720002,38.99999913,0,255
replay_15.json,56,3,-0.884805102,5.990744859,-1.791039576,-0.069720002,27.35999939,0,255
replay_15.json,56,4,-0.792074397,5.739311722,-1.96090354,-0.069720002,11.63999974,0,255
replay_15.json,56,5,-0.755914362,6.059705032,-1.828868422,-0.069720002,9.639999785,0,255
replay_15.json,56,6,-0.400627841,5.929500722,2.052368345,0.069720002,6.119999863,0,255
replay_15.json,56,7,-0.058482299,6.0031812,1.809104808,0.069720002,8.119999819,0,255
replay_15.json,56,8,0.17878879,6.051521119,1.565264124,-0.069720002,5.519999877,0,255
replay_15.json,56,9,3.925321455,5.596116235,0.716503154,0.069720002,4.999999888,0,255
replay_15.json,57,0,4.036049333,5.370847316,0.201018487,0.069720002,8.239999816,0,255
replay_15.json,57,1,4.266698236,5.074779085,-0.301682242,-0.069720002,5.879999869,0,255
replay_15.json,58,0,-1.101019125,6.190098343,-1.258540534,0.069720002,5.519999877,0,255
replay_15.json,58,1,3.603825543,5.716449286,0.105142021,0.069720002,9.119999796,0,255
replay_15.json,58,2,3.752953347,5.637619597,0.417402122,0.069720002,16.35999963,0,255
replay_15.json,58,3,3.890596626,5.52876605,0.661259385,0.069720002,8.759999804,0,255
replay_15.json,58,4,-1.360745977,0.333491601,1.139831415,0.069720002,6.359999858,0,255
replay_15.json,58,5,-1.369869281,0.440387733,1.081650352,0.069720002,8.879999802,0,255
replay_15.json,59,0,3.72333861,5.645671957,0.124106749,0.069720002,9.519999787,0,255
replay_15.json,59,1,3.811316012,5.601086678,0.427191088,0.069720002,17.7599996,0,255
replay_15.json,59,2,3.890596626,5.52876605,0.661259385,0.069720002,8.639999807,0,255
replay_15.json,60,0,0.047886321,0.020241068,1.7523991,-0.695800019,5.119999886,0,255
replay_15.json,61,0,-1.289610942,5.454480012,-2.223906859,0.069720002,5.119999886,0,255
replay_15.json,61,1,-1.144555056,5.898859931,-1.747144546,-0.069720002,9.119999796,0,255
replay_15.json,61,2,-1.154737499,5.951338668,-1.780480719,-0.069720002,6.879999846,0,255
replay_15.json,62,0,3.717335846,5.655448812,0.698640896,0.069720002,7.119999841,0,255
replay_15.json,62,1,3.926892159,5.526338837,0.447219711,0.069720002,12.35999972,0,255
replay_15.json,62,2,3.946763632,5.409135231,-0.102415428,0.069720002,7.759999827,0,255
replay_15.json,63,0,3.811316012,5.601086678,0.427191088,-0.069720002,5.519999877,0,255
replay_15.json,64,0,-0.764660486,6.207905279,-1.58174139,0.069720002,6.759999849,0,255
replay_15.json,64,1,-0.681403175,6.013439176,-1.7971205,0.069720002,10.63999976,0,255
replay_15.json,64,2,-0.466946657,5.821617423,-2.004794428,-0.069720002,9.879999779,0,255
replay_15.json,64,3,-0.057887936,6.006018738,2.049331304,-0.069720002,7.119999841,0,255
replay_15.json,64,4,0,5.940245624,1.811040099,-0.069720002,6.639999852,0,255
replay_15.json,64,5,3.660619542,5.621990356,0.422244765,0.069720002,11.35999975,0,255
replay_15.json,64,6,3.69421539,5.673586959,0.407764696,-0.069720002,19.63999956,0,255
replay_15.json,65,0,3.301484004,6.033224969,0.601344364,0.069720002,5.119999886,0,255
replay_15.json,65,1,3.869297549,5.563991855,0.437130616,0.069720002,5.879999869,0,255
replay_15.json,67,0,0.00880881,0.165070901,2.191528088,2.296280061,4.999999888,0,255
replay_15.json,68,0,-0.158572318,0.18258299,2.074345665,1.87880005,4.999999888,0,255
replay_15.json,68,1,3.811316012,5.601086678,0.427191088,-0.069720002,8.879999802,0,255
replay_15.json,68,2,4.02032614,5.538041427,0.443429211,-0.069720002,5.639999874,0,255
replay_15.json,69,0,3.602049699,5.657066647,0.412846102,-0.069720002,6.239999861,0,255
replay_15.json,69,1,3.69421539,5.673586959,0.407764696,0.069720002,10.75999976,0,255
replay_15.json,69,2,3.782539626,5.609421048,0.133820151,0.069720002,7.359999835,0,255
replay_15.json,69,3,-1.42724518,0.250280275,1.223425962,-0.069720002,6.639999852,0,255
replay_15.json,69,4,-1.369869281,0.440387733,1.081650352,-0.069720002,8.999999799,0,255
replay_15.json,69,5,-1.413680184,0.470394325,1.043954564,-0.069720002,6.119999863,0,255
replay_15.json,70,0,3.718823326,5.586350088,0.431794547,0.069720002,6.639999852,0,255
replay_15.json,70,1,3.888877572,5.446978786,-0.112555578,-0.069720002,8.759999804,0,255
replay_15.json,70,2,3.926303121,5.507508414,0.380270248,0.069720002,12.99999971,0,255
replay_15.json,71,0,-0.887150064,6.083342009,-1.514763403,0.069720002,5.119999886,0,255
replay_15.json,72,0,-0.877002915,5.937918639,-1.757610296,0.069720002,7.359999835,0,255
replay_15.json,72,1,-0.884805102,5.990744859,-1.791039576,0.069720002,6.359999858,0,255
replay_15.json,73,0,-0.939894169,5.825687414,-2.027635808,-0.069720002,4.999999888,0,255
replay_15.json,73,1,-0.799212744,5.791035651,-1.996600067,0.069720002,6.359999858,0,255
replay_15.json,77,0,-0.944039247,5.929123608,-1.755253674,0.069720002,6.879999846,0,255
replay_15.json,77,1,-0.884805102,5.990744859,-1.791039576,0.069720002,5.999999866,0,255
replay_15.json,77,2,-0.057887936,6.006018738,2.049331304,0.069720002,5.519999877,0,255
replay_15.json,79,0,-0.073011488,0.036019325,1.565053797,0.139160004,6.119999863,0,255
replay_15.json,79,1,-0.083447593,0.04116785,1.502883521,0.139160004,9.639999785,0,255
replay_15.json,79,2,-0.088157539,0.048954148,1.440006455,0.139160004,6.879999846,0,255
replay_15.json,79,3,-1.010981175,5.919681506,-1.75272367,-0.069720002,15.63999965,0,255
replay_15.json,79,4,-0.952437817,5.981871583,-1.788661989,-0.069720002,13.2399997,0,255
replay_15.json,79,5,-0.824317521,6.052073035,-1.826823435,-0.069720002,5.119999886,0,255
replay_15.json,79,6,3.69421539,5.673586959,0.407764696,-0.069720002,6.879999846,0,255
replay_15.json,81,0,-0.952437817,5.981871583,-1.788661989,0.069720002,5.759999871,0,255
replay_15.json,81,1,-0.675394581,5.960412838,-1.763637598,0.069720002,6.759999849,0,255
replay_15.json,82,0,-2.997453275,3.412061123,-0.500431075,-0.069720002,5.999999866,0,255
replay_15.json,82,1,-1.666972287,2.478891779,-0.538247506,0.069720002,5.239999883,0,255
replay_15.json,82,2,-1.441014337,2.522741959,-0.724983075,0.069720002,5.119999886,0,255
replay_15.json,82,3,-1.001951371,5.866808547,-1.71920538,-0.069720002,7.239999838,0,255
replay_15.json,82,4,-1.029005093,6.025218439,-1.819627767,-0.069720002,5.519999877,0,255
replay_15.json,82,5,-0.944039247,5.929123608,-1.755253674,-0.069720002,18.11999959,0,255
replay_15.json,82,6,-0.952437817,5.981871583,-1.788661989,-0.069720002,14.35999968,0,255
replay_15.json,82,7,-0.289323915,5.999310226,2.051128845,-0.069720002,6.639999852,0,255
replay_15.json,83,0,-1.077822006,5.909593277,-1.750020538,-0.069720002,7.999999821,0,255
replay_15.json,83,1,-1.087410764,5.962167503,-1.783382296,-0.069720002,6.359999858,0,255
replay_15.json,83,2,-1.001951371,5.866808547,-1.71920538,-0.069720002,4.999999888,0,255
replay_15.json,85,0,-1.099992385,6.108553972,-1.53828634,0.069720002,7.879999824,0,255
replay_15.json,85,1,-0.944039247,5.929123608,-1.755253674,-0.069720002,9.639999785,0,255
replay_15.json,85,2,-0.057887936,6.006018738,2.049331304,-0.069720002,6.759999849,0,255
replay_15.json,85,3,3.635108014,5.708985167,0.398279775,0.069720002,5.119999886,0,255
replay_15.json,86,0,-0.952437817,5.981871583,-1.788661989,-0.069720002,5.35999988,0,255
replay_15.json,86,1,-0.742673866,5.953564037,-1.761802467,-0.069720002,6.999999844,0,255
replay_15.json,86,2,3.69421539,5.673586959,0.407764696,-0.069720002,8.119999819,0,255
replay_15.json,87,0,3.659155343,5.691074825,0.689094935,-0.069720002,4.999999888,0,255
replay_15.json,87,1,3.69421539,5.673586959,0.407764696,-0.069720002,8.759999804,0,255
replay_15.json,87,2,3.72333861,5.645671957,0.124106749,-0.069720002,5.239999883,0,255
replay_15.json,88,0,-1.031776664,6.118849712,-1.541045075,0.069720002,6.879999846,0,255
replay_15.json,88,1,-0.809878884,5.94606572,-1.759793299,0.069720002,11.23999975,0,255
replay_15.json,88,2,0.046950314,0.155270172,2.194154186,-1.11328003,5.119999886,0,255
replay_15.json,88,3,3.660619542,5.621990356,0.422244765,0.069720002,7.519999832,0,255
replay_15.json,88,4,3.72333861,5.645671957,0.124106749,-0.069720002,7.119999841,0,255
replay_15.json,88,5,3.752953347,5.637619597,0.417402122,-0.069720002,16.51999963,0,255
replay_15.json,89,0,3.482870994,5.784903798,0.08679969,-0.069720002,9.759999782,0,255
replay_15.json,89,1,3.602049699,5.657066647,0.412846102,-0.069720002,7.359999835,0,255
replay_15.json,89,2,3.69421539,5.673586959,0.407764696,0.069720002,13.2399997,0,255
replay_15.json,90,0,-1.016063451,1.341290037,2.875338223,-0.069720002,4.999999888,0,255
replay_15.json,90,1,3.600608927,5.726137085,0.679700031,-0.069720002,7.999999821,0,255
replay_15.json,90,2,3.69421539,5.673586959,0.407764696,0.069720002,15.11999966,0,255
replay_15.json,90,3,3.782539626,5.609421048,0.133820151,-0.069720002,12.63999972,0,255
replay_15.json,90,4,-1.381675521,0.37245716,1.190688765,-0.069720002,15.87999965,0,255
replay_15.json,90,5,-1.428640861,0.40055877,1.155969646,-0.069720002,21.23999953,0,255
replay_15.json,91,0,3.717335846,5.655448812,0.698640896,0.069720002,7.879999824,0,255
replay_15.json,91,1,3.811316012,5.601086678,0.427191088,0.069720002,13.75999969,0,255
replay_15.json,91,2,3.955671246,5.476050276,0.097008639,-0.069720002,10.99999975,0,255
replay_15.json,92,0,-1.010981175,5.919681506,-1.75272367,0.069720002,7.119999841,0,255
replay_15.json,92,1,-0.952437817,5.981871583,-1.788661989,0.069720002,5.639999874,0,255
replay_15.json,94,0,0.014401949,0.031500495,1.749382146,2.713760072,5.999999866,0,255
replay_15.json,95,0,0.009884221,0.176210997,2.181276013,-2.226560059,5.239999883,0,255
replay_15.json,96,0,0.013725892,0.248595701,2.044953126,0.904680024,4.999999888,0,255
replay_15.json,97,0,-2.951761929,3.565509728,-0.335226906,-0.069720002,6.639999852,0,255
replay_15.json,97,1,-2.993960045,3.482800834,-0.538736748,-0.069720002,5.239999883,0,255
replay_15.json,97,2,-1.080554491,6.000610108,-1.475761509,0.069720002,7.639999829,0,255
replay_15.json,97,3,-1.010981175,5.919681506,-1.75272367,0.069720002,17.8799996,0,255
replay_15.json,97,4,-0.952437817,5.981871583,-1.788661989,0.069720002,12.63999972,0,255
replay_15.json,97,5,0.471369518,5.972802683,1.573989954,0.069720002,7.759999827,0,255
replay_15.json,97,6,0.535722923,6.030809946,1.570813666,0.069720002,6.359999858,0,255
replay_15.json,98,0,3.593407949,5.786046927,0.948666158,0.069720002,5.639999874,0,255
replay_15.json,98,1,3.752390399,5.690771142,0.619159788,0.069720002,12.23999973,0,255
replay_15.json,98,2,4.015502553,5.458754355,0.17419117,-0.069720002,12.63999972,0,255
replay_15.json,98,3,4.398992613,4.7483505,-0.872225363,-0.069720002,4.999999888,0,255
replay_15.json,99,0,-1.010981175,6.689249607,-2.092726398,0.069720002,4.999999888,0,255
replay_15.json,99,1,3.834109473,5.726349418,-0.068916353,0.069720002,5.759999871,0,255
replay_15.json,99,2,3.984094084,5.700367259,-0.069548843,0.069720002,12.35999972,0,255
replay_15.json,99,3,4.004255018,5.729213147,-0.630790144,0.069720002,9.639999785,0,255
